{
    "movies":[
        {"ID": 1, "Title": "Star Wars Episode I: The Phantom Menace", "Cast": "George Lucas (Director), Liam Neeson, Ewan McGregor, Natalie Portman", "ReleaseDate": "19/05/1999", "Series": "Prequel Trilogy", "Image": "resources/The Phantom Menace.jpg", "Synopsis": "Liam Neeson dies"},
        {"ID": 2, "Title": "Star Wars Episode II: Attack of the Clones", "Cast": "George Lucas (Director), Hayden Christensen, Ewan McGregor, Natalie Portman", "ReleaseDate": "16/05/2002", "Series": "Prequel Trilogy", "Image": "resources/Attack of the Clones.jpg", "Synopsis": "Temuera Morrison dies"},
        {"ID": 3, "Title": "Star Wars Episode III: Revenge of the Sith", "Cast": "George Lucas (Director), Hayden Christensen, Ewan McGregor, Natalie Portman, Ian McDiarmid", "ReleaseDate": "19/05/2005", "Series": "Prequel Trilogy", "Image": "resources/Revenge of the Sith.jpg", "Synopsis": "Natalie Portman dies"},
        {"ID": 4, "Title": "Star Wars Episode IV: A New Hope", "Cast": "George Lucas (Director), Mark Hamill, Harrison Ford, Carrie Fisher, Alec Guinness", "ReleaseDate": "25/05/1977", "Series": "Original Trilogy", "Image": "resources/A New Hope.jpg", "Synopsis": "Alec Guinness Dies"},
        {"ID": 5, "Title": "Star Wars Episode V: The Empire Strikes Back", "Cast": "Irvin Kershner (Director), Mark Hamill, Harrison Ford, Carrie Fisher, Billy Dee Williams", "ReleaseDate": "21/05/1980", "Series": "Original Trilogy", "Image": "resources/The Empire Strikes Back.jpg", "Synopsis": "Some Tauntaun dies"},
        {"ID": 6, "Title": "Star Wars Episode VI: Return of the Jedi", "Cast": "Richard Marquand (Director), Mark Hamill, Harrison Ford, Carrie Fisher, Ian McDiarmid", "ReleaseDate": "25/05/1983", "Series": "Original Trilogy", "Image": "resources/Return of the Jedi.jpeg", "Synopsis": "Boba Fett dies, or does he?"},
        {"ID": 7, "Title": "Star Wars Eipsode VII: The Force Awakens", "Cast": "J. J. Abrams (Director), Daisy Ridley, John Boyega, Oscar Isaac", "ReleaseDate": "18/12/2015", "Series": "Sequel Trilogy", "Image": "resources/The Force Awakens.jpg", "Synopsis": "Harrison Ford dies"},
        {"ID": 8, "Title": "Star Wars Episode VIII: The Last Jedi", "Cast": "Rian Johnson (Director), Daisy Ridley, John Boyega, Oscar Isaac", "ReleaseDate": "15/12/2017", "Series": "Sequel Trilogy", "Image": "resources/The Last Jedi.jpg", "Synopsis": "The franchise dies"},
        {"ID": 9, "Title": "Star Wars Episode IX: The Rise of Skywalker", "Cast": "J. J. Abrams (Director), Daisy Ridley, John Boyega, Oscar Isaac", "ReleaseDate": "20/12/2019", "Series": "Sequel Trilogy", "Image": "resources/The Rise of Skywalker.jpg", "Synopsis": "Carrie Fisher dies"},
        {"ID": 10, "Title": "Rogue One: A Star Wars Story", "Cast": "Gareth Edwards (Director), Felicity Jones, Diego Luna, Ben Mendelsohn", "ReleaseDate": "13/12/2016", "Series": "Spinoff", "Image": "resources/Rogue One.jpg", "Synopsis": "Everybody dies"},
        {"ID": 11, "Title": "Solo: A Star Wars Story", "Cast": "Ron Howard (Director), Alden Ehrenreich, Emilia Clarke, Donald Glover, Woody Harrelson", "ReleaseDate": "25/05/2018", "Series": "Spinoff", "Image": "resources/Solo.jpg", "Synopsis": "Han Solo steals some gas"}
    ]
}