{
    "movies":[
        {"Title": "Star Wars Episode I: The Phantom Menace", "Director": "George Lucas", "ReleaseDate": "19/05/1999", "Series": "Prequel Trilogy", "Image": "resources/The Phantom Menace.jpg", "Synopsis": "Liam Neeson dies"},
        {"Title": "Star Wars Episode II: Attack of the Clones", "Director": "George Lucas", "ReleaseDate": "16/05/2002", "Series": "Prequel Trilogy", "Image": "resources/Attack of the Clones.jpg", "Synopsis": "Temuera Morrison dies"},
        {"Title": "Star Wars Episode III: Revenge of the Sith", "Director": "George Lucas", "ReleaseDate": "19/05/2005", "Series": "Prequel Trilogy", "Image": "resources/Revenge of the Sith.jpg", "Synopsis": "Natalie Portman dies"},
        {"Title": "Star Wars Episode IV: A New Hope", "Director": "George Lucas", "ReleaseDate": "25/05/1977", "Series": "Original Trilogy", "Image": "resources/A New Hope.jpg", "Synopsis": "Alec Guinness Dies"},
        {"Title": "Star Wars Episode V: The Empire Strikes Back", "Director": "Irvin Kershner", "ReleaseDate": "21/05/1980", "Series": "Original Trilogy", "Image": "resources/The Empire Strikes Back.jpg", "Synopsis": "0/10 nobody dies"},
        {"Title": "Star Wars Episode VI: Return of the Jedi", "Director": "Richard Marquand", "ReleaseDate": "25/05/1983", "Series": "Original Trilogy", "Image": "resources/Return of the Jedi.jpeg", "Synopsis": "Sebastian Shaw dies"},
        {"Title": "Star Wars Eipsode VII: The Force Awakens", "Director": "J. J. Abrams", "ReleaseDate": "18/12/2015", "Series": "Sequel Trilogy", "Image": "resources/The Force Awakens.jpg", "Synopsis": "Harrison Ford dies"},
        {"Title": "Star Wars Episode VIII: The Last Jedi", "Director": "Rian Johnson", "ReleaseDate": "15/12/2017", "Series": "Sequel Trilogy", "Image": "resources/The Last Jedi.jpg", "Synopsis": "Mark Hamill dies"},
        {"Title": "Star Wars Episode IX: The Rise of Skywalker", "Director": "J. J. Abrams", "ReleaseDate": "20/12/2019", "Series": "Sequel Trilogy", "Image": "resources/The Rise of Skywalker.jpg", "Synopsis": "Carrie Fisher dies"}
    ]
}